{
  "run_date": "2026-04-19T23:39:11.370309",
  "candidate": "ultralytics_yolo11m_baseline",
  "preprocess_mode": "none",
  "max_reading_digits": 10,
  "leading_zero_orientation_min": 3,
  "long_tail_zero_min_digits": 8,
  "long_tail_zero_min_suffix": 2,
  "red_cluster_min_coverage": 0.0025,
  "red_cluster_left_max_x": 0.43,
  "red_cluster_right_min_x": 0.57,
  "red_bbox_min_active_pixels": 64,
  "red_bbox_vote_weight": 0.85,
  "stat_tail_vote_weight": 0.09,
  "leading_zero_vote_weight": 0.06,
  "red_bbox_strictness": 0.08,
  "red_bbox_strict_left_max_x": 0.4244,
  "red_bbox_strict_right_min_x": 0.5756,
  "red_bbox_strict_min_coverage": 0.0027,
  "red_bbox_strict_min_pixels": 70,
  "wlev_weight_base": 2.0,
  "splits": {
    "train": {
      "wm_polygon": {
        "fsa_raw": 0.004597701149425287,
        "fsa_norm": 0.7517241379310344,
        "pda": 0.06787766830870279,
        "cer": 0.4921620142309797,
        "wlev_norm_mean": 0.051729172744113434,
        "avg_ms": 37.28387402283595,
        "non_empty_rate": 0.9988505747126437,
        "selected_180_share": 0.06206896551724138,
        "leading_zero_override_rate": 0.2747126436781609,
        "red_bbox_override_rate": 0.8229885057471265,
        "long_tail_zero_override_rate": 0.6218390804597701,
        "confidence_tiebreak_rate": 0.026436781609195402
      },
      "wm_bbox": {
        "fsa_raw": 0.004597701149425287,
        "fsa_norm": 0.8540229885057471,
        "pda": 0.06822477650063857,
        "cer": 0.4720935960591133,
        "wlev_norm_mean": 0.03438151421501766,
        "avg_ms": 37.79870149429925,
        "non_empty_rate": 0.9977011494252873,
        "selected_180_share": 0.06666666666666667,
        "leading_zero_override_rate": 0.28160919540229884,
        "red_bbox_override_rate": 0.8011494252873563,
        "long_tail_zero_override_rate": 0.6517241379310345,
        "confidence_tiebreak_rate": 0.029885057471264367
      },
      "stage_a_pass": true
    },
    "test": {
      "wm_polygon": {
        "fsa_raw": 0.008021390374331552,
        "fsa_norm": 0.7967914438502673,
        "pda": 0.0754392666157372,
        "cer": 0.4639483065953654,
        "wlev_norm_mean": 0.04059339422722744,
        "avg_ms": 40.34682807501998,
        "non_empty_rate": 0.9919786096256684,
        "selected_180_share": 0.06417112299465241,
        "leading_zero_override_rate": 0.2914438502673797,
        "red_bbox_override_rate": 0.839572192513369,
        "long_tail_zero_override_rate": 0.6336898395721925,
        "confidence_tiebreak_rate": 0.0213903743315508
      },
      "wm_bbox": {
        "fsa_raw": 0.0,
        "fsa_norm": 0.8823529411764706,
        "pda": 0.06146231219760631,
        "cer": 0.4571810542398777,
        "wlev_norm_mean": 0.018580113556131112,
        "avg_ms": 37.5749505346222,
        "non_empty_rate": 0.9973262032085561,
        "selected_180_share": 0.05614973262032086,
        "leading_zero_override_rate": 0.31283422459893045,
        "red_bbox_override_rate": 0.8021390374331551,
        "long_tail_zero_override_rate": 0.6550802139037433,
        "confidence_tiebreak_rate": 0.034759358288770054
      },
      "stage_a_pass": true
    },
    "all": {
      "wm_polygon": {
        "fsa_raw": 0.005627009646302251,
        "fsa_norm": 0.7652733118971061,
        "pda": 0.0701510105649977,
        "cer": 0.48367975807686414,
        "wlev_norm_mean": 0.04838127791668951,
        "avg_ms": 41.442801446991126,
        "non_empty_rate": 0.9967845659163987,
        "selected_180_share": 0.06270096463022508,
        "leading_zero_override_rate": 0.2797427652733119,
        "red_bbox_override_rate": 0.8279742765273312,
        "long_tail_zero_override_rate": 0.6254019292604501,
        "confidence_tiebreak_rate": 0.02491961414790997
      },
      "wm_bbox": {
        "fsa_raw": 0.003215434083601286,
        "fsa_norm": 0.862540192926045,
        "pda": 0.06619168835808707,
        "cer": 0.46761024345429486,
        "wlev_norm_mean": 0.029630932344902244,
        "avg_ms": 43.42519453354793,
        "non_empty_rate": 0.997588424437299,
        "selected_180_share": 0.0635048231511254,
        "leading_zero_override_rate": 0.2909967845659164,
        "red_bbox_override_rate": 0.8014469453376206,
        "long_tail_zero_override_rate": 0.6527331189710611,
        "confidence_tiebreak_rate": 0.03135048231511254
      },
      "stage_a_pass": true
    }
  },
  "wm_polygon": {
    "fsa_raw": 0.008021390374331552,
    "fsa_norm": 0.7967914438502673,
    "pda": 0.0754392666157372,
    "cer": 0.4639483065953654,
    "wlev_norm_mean": 0.04059339422722744,
    "avg_ms": 40.34682807501998,
    "non_empty_rate": 0.9919786096256684,
    "selected_180_share": 0.06417112299465241,
    "leading_zero_override_rate": 0.2914438502673797,
    "red_bbox_override_rate": 0.839572192513369,
    "long_tail_zero_override_rate": 0.6336898395721925,
    "confidence_tiebreak_rate": 0.0213903743315508
  },
  "wm_bbox": {
    "fsa_raw": 0.0,
    "fsa_norm": 0.8823529411764706,
    "pda": 0.06146231219760631,
    "cer": 0.4571810542398777,
    "wlev_norm_mean": 0.018580113556131112,
    "avg_ms": 37.5749505346222,
    "non_empty_rate": 0.9973262032085561,
    "selected_180_share": 0.05614973262032086,
    "leading_zero_override_rate": 0.31283422459893045,
    "red_bbox_override_rate": 0.8021390374331551,
    "long_tail_zero_override_rate": 0.6550802139037433,
    "confidence_tiebreak_rate": 0.034759358288770054
  },
  "stage_a_pass": true
}