{
  "run_date": "2026-04-19T17:25:16.306592",
  "preprocess_mode": "gray_clahe",
  "max_reading_digits": 10,
  "leading_zero_orientation_min": 3,
  "long_tail_zero_min_digits": 8,
  "long_tail_zero_min_suffix": 2,
  "red_cluster_min_coverage": 0.0025,
  "red_cluster_left_max_x": 0.43,
  "red_cluster_right_min_x": 0.57,
  "red_bbox_min_active_pixels": 64,
  "red_bbox_vote_weight": 0.85,
  "stat_tail_vote_weight": 0.09,
  "leading_zero_vote_weight": 0.06,
  "red_bbox_strictness": 0.08,
  "red_bbox_strict_left_max_x": 0.4244,
  "red_bbox_strict_right_min_x": 0.5756,
  "red_bbox_strict_min_coverage": 0.0027,
  "red_bbox_strict_min_pixels": 70,
  "wlev_weight_base": 2.0,
  "eval_exclude_candidates": [
    "doctr",
    "easyocr"
  ],
  "init_errors": {
    "paddleocr": "runtime predict failed: NotImplementedError: (Unimplemented) ConvertPirAttribute2RuntimeAttribute not support [pir::ArrayAttribute<pir::DoubleAttribute>]  (at ..\\paddle\\fluid\\framework\\new_executor\\instruction\\onednn\\onednn_instruction.cc:118)\n"
  },
  "candidates": {
    "pytesseract": {
      "wm_polygon": {
        "fsa_raw": 0.0,
        "fsa_norm": 0.008021390374331552,
        "pda": 0.04583545539427892,
        "cer": 0.9152979373567608,
        "wlev_norm_mean": 0.7962460393679351,
        "avg_ms": 398.35488877008453,
        "non_empty_rate": 0.4572192513368984,
        "selected_180_share": 0.06417112299465241,
        "leading_zero_override_rate": 0.01871657754010695,
        "red_bbox_override_rate": 0.8502673796791443,
        "long_tail_zero_override_rate": 0.0053475935828877,
        "confidence_tiebreak_rate": 0.1443850267379679
      },
      "wm_bbox": {
        "fsa_raw": 0.00267379679144385,
        "fsa_norm": 0.008021390374331552,
        "pda": 0.025436083524318816,
        "cer": 0.9375286478227655,
        "wlev_norm_mean": 0.8627332505070733,
        "avg_ms": 419.7997029411361,
        "non_empty_rate": 0.28609625668449196,
        "selected_180_share": 0.05080213903743316,
        "leading_zero_override_rate": 0.0106951871657754,
        "red_bbox_override_rate": 0.8021390374331551,
        "long_tail_zero_override_rate": 0.00267379679144385,
        "confidence_tiebreak_rate": 0.1925133689839572
      },
      "splits": {
        "train": {
          "wm_polygon": {
            "fsa_raw": 0.0011494252873563218,
            "fsa_norm": 0.01264367816091954,
            "pda": 0.05344918810436052,
            "cer": 0.9242364532019705,
            "wlev_norm_mean": 0.7450192789627649,
            "avg_ms": 398.67456517249275,
            "non_empty_rate": 0.5045977011494253,
            "selected_180_share": 0.059770114942528735,
            "leading_zero_override_rate": 0.021839080459770115,
            "red_bbox_override_rate": 0.8275862068965517,
            "long_tail_zero_override_rate": 0.009195402298850575,
            "confidence_tiebreak_rate": 0.1724137931034483
          },
          "wm_bbox": {
            "fsa_raw": 0.0022988505747126436,
            "fsa_norm": 0.005747126436781609,
            "pda": 0.030842911877394633,
            "cer": 0.9387575259989053,
            "wlev_norm_mean": 0.854187624440857,
            "avg_ms": 415.3413664368317,
            "non_empty_rate": 0.2850574712643678,
            "selected_180_share": 0.05172413793103448,
            "leading_zero_override_rate": 0.009195402298850575,
            "red_bbox_override_rate": 0.8011494252873563,
            "long_tail_zero_override_rate": 0.006896551724137931,
            "confidence_tiebreak_rate": 0.19540229885057472
          },
          "stage_a_pass": true
        },
        "test": {
          "wm_polygon": {
            "fsa_raw": 0.0,
            "fsa_norm": 0.008021390374331552,
            "pda": 0.04583545539427892,
            "cer": 0.9152979373567608,
            "wlev_norm_mean": 0.7962460393679351,
            "avg_ms": 398.35488877008453,
            "non_empty_rate": 0.4572192513368984,
            "selected_180_share": 0.06417112299465241,
            "leading_zero_override_rate": 0.01871657754010695,
            "red_bbox_override_rate": 0.8502673796791443,
            "long_tail_zero_override_rate": 0.0053475935828877,
            "confidence_tiebreak_rate": 0.1443850267379679
          },
          "wm_bbox": {
            "fsa_raw": 0.00267379679144385,
            "fsa_norm": 0.008021390374331552,
            "pda": 0.025436083524318816,
            "cer": 0.9375286478227655,
            "wlev_norm_mean": 0.8627332505070733,
            "avg_ms": 419.7997029411361,
            "non_empty_rate": 0.28609625668449196,
            "selected_180_share": 0.05080213903743316,
            "leading_zero_override_rate": 0.0106951871657754,
            "red_bbox_override_rate": 0.8021390374331551,
            "long_tail_zero_override_rate": 0.00267379679144385,
            "confidence_tiebreak_rate": 0.1925133689839572
          },
          "stage_a_pass": true
        },
        "all": {
          "wm_polygon": {
            "fsa_raw": 0.0008038585209003215,
            "fsa_norm": 0.011254019292604502,
            "pda": 0.05116017200020415,
            "cer": 0.9215491502067065,
            "wlev_norm_mean": 0.760420250338596,
            "avg_ms": 395.4058869774751,
            "non_empty_rate": 0.4903536977491961,
            "selected_180_share": 0.06109324758842444,
            "leading_zero_override_rate": 0.02090032154340836,
            "red_bbox_override_rate": 0.8344051446945338,
            "long_tail_zero_override_rate": 0.008038585209003215,
            "confidence_tiebreak_rate": 0.1639871382636656
          },
          "wm_bbox": {
            "fsa_raw": 0.002411575562700965,
            "fsa_norm": 0.006430868167202572,
            "pda": 0.029217386311437755,
            "cer": 0.938388072270709,
            "wlev_norm_mean": 0.8567568078401858,
            "avg_ms": 418.42683585209267,
            "non_empty_rate": 0.2853697749196141,
            "selected_180_share": 0.05144694533762058,
            "leading_zero_override_rate": 0.00964630225080386,
            "red_bbox_override_rate": 0.8014469453376206,
            "long_tail_zero_override_rate": 0.005627009646302251,
            "confidence_tiebreak_rate": 0.1945337620578778
          },
          "stage_a_pass": true
        }
      },
      "effective_preprocess_mode": "gray_clahe",
      "stage_a_pass": true
    },
    "ultralytics_yolo11m_baseline": {
      "wm_polygon": {
        "fsa_raw": 0.0106951871657754,
        "fsa_norm": 0.7513368983957219,
        "pda": 0.0764292080468551,
        "cer": 0.47553475935828876,
        "wlev_norm_mean": 0.04981679495057587,
        "avg_ms": 45.26786203207746,
        "non_empty_rate": 0.9973262032085561,
        "selected_180_share": 0.06951871657754011,
        "leading_zero_override_rate": 0.3048128342245989,
        "red_bbox_override_rate": 0.8502673796791443,
        "long_tail_zero_override_rate": 0.5802139037433155,
        "confidence_tiebreak_rate": 0.05080213903743316
      },
      "wm_bbox": {
        "fsa_raw": 0.0,
        "fsa_norm": 0.8770053475935828,
        "pda": 0.06199707155589509,
        "cer": 0.4594092182327476,
        "wlev_norm_mean": 0.022547682988596177,
        "avg_ms": 43.85506871659116,
        "non_empty_rate": 0.9973262032085561,
        "selected_180_share": 0.06149732620320856,
        "leading_zero_override_rate": 0.31283422459893045,
        "red_bbox_override_rate": 0.8021390374331551,
        "long_tail_zero_override_rate": 0.6550802139037433,
        "confidence_tiebreak_rate": 0.07219251336898395
      },
      "splits": {
        "train": {
          "wm_polygon": {
            "fsa_raw": 0.005747126436781609,
            "fsa_norm": 0.7206896551724138,
            "pda": 0.07433771209633279,
            "cer": 0.494891899288451,
            "wlev_norm_mean": 0.06224767085034347,
            "avg_ms": 40.865482068944274,
            "non_empty_rate": 0.9977011494252873,