{
  "run_date": "2026-04-19T20:58:04.387421",
  "candidate": "ultralytics_yolo11m_baseline",
  "preprocess_mode": "none",
  "max_reading_digits": 10,
  "leading_zero_orientation_min": 3,
  "long_tail_zero_min_digits": 8,
  "long_tail_zero_min_suffix": 2,
  "red_cluster_min_coverage": 0.0025,
  "red_cluster_left_max_x": 0.43,
  "red_cluster_right_min_x": 0.57,
  "red_bbox_min_active_pixels": 64,
  "red_bbox_vote_weight": 0.85,
  "stat_tail_vote_weight": 0.09,
  "leading_zero_vote_weight": 0.06,
  "red_bbox_strictness": 0.08,
  "red_bbox_strict_left_max_x": 0.4244,
  "red_bbox_strict_right_min_x": 0.5756,
  "red_bbox_strict_min_coverage": 0.0027,
  "red_bbox_strict_min_pixels": 70,
  "wlev_weight_base": 2.0,
  "splits": {
    "train": {
      "wm_polygon": {
        "fsa_raw": 0.005747126436781609,
        "fsa_norm": 0.7206896551724138,
        "pda": 0.07433771209633279,
        "cer": 0.494891899288451,
        "wlev_norm_mean": 0.06224767085034347,
        "avg_ms": 36.22764367824731,
        "non_empty_rate": 0.9977011494252873,
        "selected_180_share": 0.07241379310344828,
        "leading_zero_override_rate": 0.2735632183908046,
        "red_bbox_override_rate": 0.8275862068965517,
        "long_tail_zero_override_rate": 0.5816091954022988,
        "confidence_tiebreak_rate": 0.07241379310344828
      },
      "wm_bbox": {
        "fsa_raw": 0.004597701149425287,
        "fsa_norm": 0.8517241379310345,
        "pda": 0.0686845466155811,
        "cer": 0.47362616310892175,
        "wlev_norm_mean": 0.0358440445985714,
        "avg_ms": 36.571023793114634,
        "non_empty_rate": 0.9988505747126437,
        "selected_180_share": 0.07126436781609195,
        "leading_zero_override_rate": 0.28160919540229884,
        "red_bbox_override_rate": 0.8011494252873563,
        "long_tail_zero_override_rate": 0.6517241379310345,
        "confidence_tiebreak_rate": 0.07816091954022988
      },
      "stage_a_pass": true
    },
    "test": {
      "wm_polygon": {
        "fsa_raw": 0.0106951871657754,
        "fsa_norm": 0.7513368983957219,
        "pda": 0.0764292080468551,
        "cer": 0.47553475935828876,
        "wlev_norm_mean": 0.04981679495057587,
        "avg_ms": 37.35167620311221,
        "non_empty_rate": 0.9973262032085561,
        "selected_180_share": 0.06951871657754011,
        "leading_zero_override_rate": 0.3048128342245989,
        "red_bbox_override_rate": 0.8502673796791443,
        "long_tail_zero_override_rate": 0.5802139037433155,
        "confidence_tiebreak_rate": 0.05080213903743316
      },
      "wm_bbox": {
        "fsa_raw": 0.0,
        "fsa_norm": 0.8770053475935828,
        "pda": 0.06199707155589509,
        "cer": 0.4594092182327476,
        "wlev_norm_mean": 0.022547682988596177,
        "avg_ms": 35.97331390382142,
        "non_empty_rate": 0.9973262032085561,
        "selected_180_share": 0.06149732620320856,
        "leading_zero_override_rate": 0.31283422459893045,
        "red_bbox_override_rate": 0.8021390374331551,
        "long_tail_zero_override_rate": 0.6550802139037433,
        "confidence_tiebreak_rate": 0.07219251336898395
      },
      "stage_a_pass": true
    },
    "all": {
      "wm_polygon": {
        "fsa_raw": 0.007234726688102894,
        "fsa_norm": 0.729903536977492,
        "pda": 0.0749665058949625,
        "cer": 0.4890723089879038,
        "wlev_norm_mean": 0.05851041394800177,
        "avg_ms": 34.003160691251836,
        "non_empty_rate": 0.997588424437299,
        "selected_180_share": 0.07154340836012862,
        "leading_zero_override_rate": 0.2829581993569132,
        "red_bbox_override_rate": 0.8344051446945338,
        "long_tail_zero_override_rate": 0.5811897106109325,
        "confidence_tiebreak_rate": 0.06591639871382636
      },
      "wm_bbox": {
        "fsa_raw": 0.003215434083601286,
        "fsa_norm": 0.8593247588424437,
        "pda": 0.06667400347062727,
        "cer": 0.4693519369162456,
        "wlev_norm_mean": 0.031846585400717116,
        "avg_ms": 33.52080361735868,
        "non_empty_rate": 0.9983922829581994,
        "selected_180_share": 0.06832797427652733,
        "leading_zero_override_rate": 0.2909967845659164,
        "red_bbox_override_rate": 0.8014469453376206,
        "long_tail_zero_override_rate": 0.6527331189710611,
        "confidence_tiebreak_rate": 0.07636655948553055
      },
      "stage_a_pass": true
    }
  },
  "wm_polygon": {
    "fsa_raw": 0.0106951871657754,
    "fsa_norm": 0.7513368983957219,
    "pda": 0.0764292080468551,
    "cer": 0.47553475935828876,
    "wlev_norm_mean": 0.04981679495057587,
    "avg_ms": 37.35167620311221,
    "non_empty_rate": 0.9973262032085561,
    "selected_180_share": 0.06951871657754011,
    "leading_zero_override_rate": 0.3048128342245989,
    "red_bbox_override_rate": 0.8502673796791443,
    "long_tail_zero_override_rate": 0.5802139037433155,
    "confidence_tiebreak_rate": 0.05080213903743316
  },
  "wm_bbox": {
    "fsa_raw": 0.0,
    "fsa_norm": 0.8770053475935828,
    "pda": 0.06199707155589509,
    "cer": 0.4594092182327476,
    "wlev_norm_mean": 0.022547682988596177,
    "avg_ms": 35.97331390382142,
    "non_empty_rate": 0.9973262032085561,
    "selected_180_share": 0.06149732620320856,
    "leading_zero_override_rate": 0.31283422459893045,
    "red_bbox_override_rate": 0.8021390374331551,
    "long_tail_zero_override_rate": 0.6550802139037433,
    "confidence_tiebreak_rate": 0.07219251336898395
  },
  "stage_a_pass": true
}